{
"lengthUnit": "mil",
"remark": [],
"components": {
	"fields": ["COMPONENT_NO", "COMPONENT_NAME", "LAYER", "X_COORDINATE", "Y_COORDINATE", "ANGLE"],
	"rows": [
		[1, "C1", "T", 605, -795, 0],
		[2, "C2", "T", 835, -165, 180],
		[3, "LED1", "T", 385, -795, 0],
		[4, "R1", "T", 830, -265, 180],
		[5, "R2", "T", 835, -530, 0],
		[6, "R3", "T", 225, -680, 90],
		[7, "R4", "T", 810, -795, 0],
		[8, "TP1", "T", 579.8425, -380.6927, 0],
		[9, "TP2", "T", 663.5825, -703.8027, 0],
		[10, "TP3", "T", 257.9525, -545.0627, 0],
		[11, "TP4", "T", 359.2125, -379.4327, 0],
		[12, "U1", "T", 470, -515, 270],
		[13, "USB1", "T", 490, -195, 180],
		[14, "PAD1", "T", 381.73, -278.665, 0],
		[15, "PAD2", "T", 430.158, -278.665, 0],
		[16, "PAD3", "T", 549.842, -278.665, 0],
		[17, "PAD4", "T", 598.265, -278.665, 0],
		[18, "PAD5", "T", 667.7, -795, 0],
		[19, "PAD6", "T", 542.3, -795, 0],
		[20, "PAD7", "T", 795.63, -165, 0],
		[21, "PAD8", "T", 874.37, -165, 0],
		[22, "PAD9", "T", 790.63, -265, 0],
		[23, "PAD10", "T", 869.37, -265, 0],
		[24, "PAD11", "T", 835, -530, 0],
		[25, "PAD11", "T", 835, -530, 0],
		[26, "PAD12", "T", 835, -430, 0],
		[27, "PAD12", "T", 835, -430, 0],
		[28, "PAD13", "T", 835, -630, 0],
		[29, "PAD13", "T", 835, -630, 0],
		[30, "PAD14", "T", 225, -621.78, 0],
		[31, "PAD15", "T", 225, -738.22, 0],
		[32, "PAD16", "T", 849.37, -795, 0],
		[33, "PAD17", "T", 770.63, -795, 0],
		[34, "PAD18", "T", 340.12, -795, 0],
		[35, "PAD18", "T", 340.12, -795, 0],
		[36, "PAD19", "T", 429.88, -795, 0],
		[37, "PAD19", "T", 429.88, -795, 0],
		[38, "PAD20", "T", 361.03, -440, 0],
		[39, "PAD21", "T", 361.03, -490, 0],
		[40, "PAD22", "T", 361.03, -540, 0],
		[41, "PAD23", "T", 361.03, -590, 0],
		[42, "PAD24", "T", 578.97, -440, 0],
		[43, "PAD25", "T", 578.97, -490, 0],
		[44, "PAD26", "T", 578.97, -540, 0],
		[45, "TPJLC", "T", 579.8425, -380.6927, 0]
	]
},
"pins": {
	"fields": ["PIN_NO", "PIN_NAME", "PIN_X", "PIN_Y", "LAYER", "PIN_TYPE", "NET_NAME", "NET_TYPE", "PAD_SHAPE", "PAD_SIZEX", "PAD_SIZEY", "HOLE_SIZE", "HOLE_LEN", "PAD_ANGLE"],
	"rows": [
		[1, "C1_1", 542.3, -795, "T", "SMD", "GND", "GND", "R", 58.465, 68.031, 0, 0, 0],
		[2, "C1_2", 667.7, -795, "T", "SMD", "TRIG", "", "R", 58.465, 68.031, 0, 0, 0],
		[3, "C2_1", 874.37, -165, "T", "SMD", "GND", "GND", "R", 55.512, 53.15, 0, 0, 180],
		[4, "C2_2", 795.63, -165, "T", "SMD", "VCC", "", "R", 55.512, 53.15, 0, 0, 180],
		[5, "LED1_1", 429.88, -795, "T", "DIP", "GND", "GND", "C", 60, 60, 36, 36, 0],
		[6, "LED1_1", 429.88, -795, "T", "DIP", "GND", "GND", "C", 60, 60, 36, 36, 0],
		[7, "LED1_2", 340.12, -795, "T", "DIP", "$1N5", "", "C", 60, 60, 36, 36, 0],
		[8, "LED1_2", 340.12, -795, "T", "DIP", "$1N5", "", "C", 60, 60, 36, 36, 0],
		[9, "R1_1", 869.37, -265, "T", "SMD", "DISCH", "", "R", 44.588, 54.213, 0, 0, 180],
		[10, "R1_2", 790.63, -265, "T", "SMD", "VCC", "", "R", 44.588, 54.213, 0, 0, 180],
		[11, "R2_1", 835, -430, "T", "DIP", "DISCH", "", "C", 60, 60, 30, 30, 270],
		[12, "R2_1", 835, -430, "T", "DIP", "DISCH", "", "C", 60, 60, 30, 30, 270],
		[13, "R2_2", 835, -530, "T", "DIP", "DISCH", "", "C", 60, 60, 30, 30, 270],
		[14, "R2_2", 835, -530, "T", "DIP", "DISCH", "", "C", 60, 60, 30, 30, 270],
		[15, "R2_3", 835, -630, "T", "DIP", "$1N21", "", "C", 60, 60, 30, 30, 270],
		[16, "R2_3", 835, -630, "T", "DIP", "$1N21", "", "C", 60, 60, 30, 30, 270],
		[17, "R3_1", 225, -738.22, "T", "SMD", "$1N5", "", "R", 47.54, 66.969, 0, 0, 90],
		[18, "R3_2", 225, -621.78, "T", "SMD", "OUT", "", "R", 47.54, 66.969, 0, 0, 90],
		[19, "R4_1", 770.63, -795, "T", "SMD", "TRIG", "", "R", 44.588, 54.213, 0, 0, 0],
		[20, "R4_2", 849.37, -795, "T", "SMD", "$1N21", "", "R", 44.588, 54.213, 0, 0, 0],
		[21, "TP1_1", 579.8425, -380.6927, "T", "SMD", "VCC", "", "C", 19.685, 19.685, 0, 0, 0],
		[22, "TP2_1", 663.5825, -703.8027, "T", "SMD", "TRIG", "", "C", 19.685, 19.685, 0, 0, 0],
		[23, "TP3_1", 257.9525, -545.0627, "T", "SMD", "OUT", "", "C", 19.685, 19.685, 0, 0, 0],
		[24, "TP4_1", 359.2125, -379.4327, "T", "SMD", "GND", "GND", "C", 19.685, 19.685, 0, 0, 0],
		[25, "U1_1", 361.03, -440, "T", "SMD", "GND", "GND", "O", 22.598, 80.138, 0, 0, 270],
		[26, "U1_2", 361.03, -490, "T", "SMD", "TRIG", "", "O", 22.598, 80.138, 0, 0, 270],
		[27, "U1_3", 361.03, -540, "T", "SMD", "OUT", "", "O", 22.598, 80.138, 0, 0, 270],
		[28, "U1_4", 361.03, -590, "T", "SMD", "VCC", "", "O", 22.598, 80.138, 0, 0, 270],
		[29, "U1_5", 578.97, -590, "T", "SMD", "NET_1", "", "O", 22.598, 80.138, 0, 0, 270],
		[30, "U1_6", 578.97, -540, "T", "SMD", "TRIG", "", "O", 22.598, 80.138, 0, 0, 270],
		[31, "U1_7", 578.97, -490, "T", "SMD", "DISCH", "", "O", 22.598, 80.138, 0, 0, 270],
		[32, "U1_8", 578.97, -440, "T", "SMD", "VCC", "", "O", 22.598, 80.138, 0, 0, 270],
		[33, "USB1_7", 660.075, -260.945, "T", "DIP", "NET_2", "", "O", 39.37, 66.929, 19.686, 47.244, 180],
		[34, "USB1_7", 660.075, -260.945, "T", "DIP", "NET_2", "", "O", 39.37, 66.929, 19.686, 47.244, 180],
		[35, "USB1_7", 319.925, -260.945, "T", "DIP", "NET_3", "", "O", 39.37, 66.929, 19.686, 47.244, 180],
		[36, "USB1_7", 319.925, -260.945, "T", "DIP", "NET_3", "", "O", 39.37, 66.929, 19.686, 47.244, 180],
		[37, "USB1_7", 660.075, -111.335, "T", "DIP", "NET_4", "", "O", 39.37, 66.929, 19.686, 47.244, 180],
		[38, "USB1_7", 660.075, -111.335, "T", "DIP", "NET_4", "", "O", 39.37, 66.929, 19.686, 47.244, 180],
		[39, "USB1_7", 319.925, -111.335, "T", "DIP", "NET_5", "", "O", 39.37, 66.929, 19.686, 47.244, 180],
		[40, "USB1_7", 319.925, -111.335, "T", "DIP", "NET_5", "", "O", 39.37, 66.929, 19.686, 47.244, 180],
		[41, "USB1_A12", 381.73, -278.665, "T", "SMD", "GND", "GND", "R", 31.496, 47.244, 0, 0, 180],
		[42, "USB1_A5", 509.685, -278.665, "T", "SMD", "NET_6", "", "R", 27.559, 47.244, 0, 0, 180],
		[43, "USB1_A9", 430.158, -278.665, "T", "SMD", "VCC", "", "R", 27.559, 47.244, 0, 0, 180],
		[44, "USB1_B12", 598.265, -278.665, "T", "SMD", "GND", "GND", "R", 31.496, 47.244, 0, 0, 180],
		[45, "USB1_B5", 470.315, -278.665, "T", "SMD", "NET_7", "", "R", 27.559, 47.244, 0, 0, 180],
		[46, "USB1_B9", 549.842, -278.665, "T", "SMD", "VCC", "", "R", 27.559, 47.244, 0, 0, 180],
		[47, "PAD1_A12", 381.73, -278.665, "T", "SMD", "GND", "GND", "R", 31.496, 47.244, 0, 0, 180],
		[48, "PAD2_A9", 430.158, -278.665, "T", "SMD", "VCC", "", "R", 27.559, 47.244, 0, 0, 180],
		[49, "PAD3_B9", 549.842, -278.665, "T", "SMD", "VCC", "", "R", 27.559, 47.244, 0, 0, 180],
		[50, "PAD4_B12", 598.265, -278.665, "T", "SMD", "GND", "GND", "R", 31.496, 47.244, 0, 0, 180],
		[51, "PAD5_2", 667.7, -795, "T", "SMD", "TRIG", "", "R", 58.465, 68.031, 0, 0, 0],
		[52, "PAD6_1", 542.3, -795, "T", "SMD", "GND", "GND", "R", 58.465, 68.031, 0, 0, 0],
		[53, "PAD7_2", 795.63, -165, "T", "SMD", "VCC", "", "R", 55.512, 53.15, 0, 0, 180],
		[54, "PAD8_1", 874.37, -165, "T", "SMD", "GND", "GND", "R", 55.512, 53.15, 0, 0, 180],
		[55, "PAD9_2", 790.63, -265, "T", "SMD", "VCC", "", "R", 44.588, 54.213, 0, 0, 180],
		[56, "PAD10_1", 869.37, -265, "T", "SMD", "DISCH", "", "R", 44.588, 54.213, 0, 0, 180],
		[57, "PAD11_2", 835, -530, "T", "DIP", "DISCH", "", "C", 60, 60, 30, 30, 270],
		[58, "PAD11_2", 835, -530, "T", "DIP", "DISCH", "", "C", 60, 60, 30, 30, 270],
		[59, "PAD12_1", 835, -430, "T", "DIP", "DISCH", "", "C", 60, 60, 30, 30, 270],
		[60, "PAD12_1", 835, -430, "T", "DIP", "DISCH", "", "C", 60, 60, 30, 30, 270],
		[61, "PAD13_3", 835, -630, "T", "DIP", "$1N21", "", "C", 60, 60, 30, 30, 270],
		[62, "PAD13_3", 835, -630, "T", "DIP", "$1N21", "", "C", 60, 60, 30, 30, 270],
		[63, "PAD14_2", 225, -621.78, "T", "SMD", "OUT", "", "R", 47.54, 66.969, 0, 0, 90],
		[64, "PAD15_1", 225, -738.22, "T", "SMD", "$1N5", "", "R", 47.54, 66.969, 0, 0, 90],
		[65, "PAD16_2", 849.37, -795, "T", "SMD", "$1N21", "", "R", 44.588, 54.213, 0, 0, 0],
		[66, "PAD17_1", 770.63, -795, "T", "SMD", "TRIG", "", "R", 44.588, 54.213, 0, 0, 0],
		[67, "PAD18_2", 340.12, -795, "T", "DIP", "$1N5", "", "C", 60, 60, 36, 36, 0],
		[68, "PAD18_2", 340.12, -795, "T", "DIP", "$1N5", "", "C", 60, 60, 36, 36, 0],
		[69, "PAD19_1", 429.88, -795, "T", "DIP", "GND", "GND", "C", 60, 60, 36, 36, 0],
		[70, "PAD19_1", 429.88, -795, "T", "DIP", "GND", "GND", "C", 60, 60, 36, 36, 0],
		[71, "PAD20_1", 361.03, -440, "T", "SMD", "GND", "GND", "O", 22.598, 80.138, 0, 0, 270],
		[72, "PAD21_2", 361.03, -490, "T", "SMD", "TRIG", "", "O", 22.598, 80.138, 0, 0, 270],
		[73, "PAD22_3", 361.03, -540, "T", "SMD", "OUT", "", "O", 22.598, 80.138, 0, 0, 270],
		[74, "PAD23_4", 361.03, -590, "T", "SMD", "VCC", "", "O", 22.598, 80.138, 0, 0, 270],
		[75, "PAD24_8", 578.97, -440, "T", "SMD", "VCC", "", "O", 22.598, 80.138, 0, 0, 270],
		[76, "PAD25_7", 578.97, -490, "T", "SMD", "DISCH", "", "O", 22.598, 80.138, 0, 0, 270],
		[77, "PAD26_6", 578.97, -540, "T", "SMD", "TRIG", "", "O", 22.598, 80.138, 0, 0, 270],
		[78, "TPJLC_1", 579.8425, -380.6927, "T", "TP", "VCC", "", "C", 19.685, 19.685, 0, 0, 0],
		[79, "TPJLC_1", 663.5825, -703.8027, "T", "TP", "TRIG", "", "C", 19.685, 19.685, 0, 0, 0],
		[80, "TPJLC_1", 257.9525, -545.0627, "T", "TP", "OUT", "", "C", 19.685, 19.685, 0, 0, 0],
		[81, "TPJLC_1", 359.2125, -379.4327, "T", "TP", "GND", "GND", "C", 19.685, 19.685, 0, 0, 0]
	]
}
}